Date,Panhandle,Nqoga,Thaoge,Xudum,Boro,Maunachira,Selinda,Mboroga,Khwai
1967-03-01,799,853,3,39,176,698,2,296,21
1967-04-01,858,1021,13,44,131,736,12,279,29
1967-05-01,841,1085,32,80,417,757,29,313,16
1967-06-01,861,1237,52,149,818,822,46,434,31
1967-07-01,825,1326,65,213,1172,864,57,478,21
1967-08-01,830,1270,15,137,1288,924,17,512,38
1967-09-01,814,1215,6,75,1173,851,21,341,50
1967-10-01,785,1122,9,32,859,724,3,276,16
1967-11-01,768,1185,3,48,823,748,6,134,25
1967-12-01,762,1098,5,15,724,705,2,154,35
1968-01-01,886,1181,12,26,522,731,9,97,43
1968-02-01,911,1429,61,57,605,856,54,141,107
1968-03-01,955,1431,467,508,1579,1095,501,315,213
1968-04-01,883,1424,860,1976,1740,1190,769,696,266
1968-05-01,876,1362,1037,2799,1740,1139,896,1030,447
1968-06-01,849,1326,1091,3047,1740,1140,931,1030,500
1968-07-01,838,1314,1096,3053,1740,1128,933,1030,500
1968-08-01,829,1279,1023,2851,1740,1120,873,1030,500
1968-09-01,821,1239,886,2408,1740,1090,760,1030,500
1968-10-01,804,1090,494,1850,1740,986,587,1030,500
1968-11-01,781,1076,329,1380,1740,919,347,1030,500
1968-12-01,754,1026,76,833,1740,872,225,1030,467
1969-01-01,771,904,10,217,1740,816,51,1030,402
1969-02-01,861,1231,39,363,1740,983,136,1030,482
1969-03-01,846,1317,91,232,1740,1019,223,1030,469
1969-04-01,901,1326,318,525,1740,1074,333,1030,478
1969-05-01,922,1374,513,1086,1740,1153,546,1030,498
1969-06-01,850,1360,683,1932,1740,1137,690,1030,500
1969-07-01,838,1288,688,2386,1740,1129,683,1030,500
1969-08-01,831,1281,642,2238,1740,1113,639,1030,500
1969-09-01,824,1252,530,1949,1740,1083,554,1030,500
1969-10-01,815,1125,344,1422,1740,978,399,1030,500
1969-11-01,804,1057,112,1077,1740,889,302,1030,500
1969-12-01,800,893,20,695,1666,741,192,1030,472
1970-01-01,847,933,34,440,1507,785,63,1030,450
1970-02-01,830,906,145,118,1217,709,41,974,372
1970-03-01,862,925,163,171,1136,715,59,856,282
1970-04-01,899,1129,70,123,1213,686,143,747,246
1970-05-01,866,1354,316,742,1607,792,308,760,263
1970-06-01,840,1303,221,1145,1740,831,335,797,323
1970-07-01,829,1285,189,1229,1740,742,311,873,357
1970-08-01,824,1190,193,1114,1740,711,230,888,350
1970-09-01,820,1128,34,972,1740,680,66,762,319
1970-10-01,796,894,4,460,1445,546,9,557,227
1970-11-01,771,753,7,92,1125,523,11,465,64
1970-12-01,766,858,11,33,1130,551,15,366,109
1971-01-01,798,918,5,56,953,578,6,437,66
1971-02-01,857,883,15,23,596,644,15,435,44
1971-03-01,846,927,37,58,615,547,34,159,106
1971-04-01,880,1091,165,141,872,662,121,134,44
1971-05-01,841,1229,192,436,1239,692,204,266,67
1971-06-01,842,1314,47,740,1575,685,134,325,83
1971-07-01,819,1279,23,978,1670,710,115,432,61
1971-08-01,822,1254,31,743,1569,723,25,465,80
1971-09-01,806,1154,4,152,1256,666,27,153,115
1971-10-01,768,994,2,24,828,532,2,58,25
1971-11-01,744,890,3,32,285,543,3,33,33
1971-12-01,716,867,1,5,128,522,4,54,14
1972-01-01,750,1172,6,14,402,573,9,100,39
1972-02-01,779,1185,9,31,460,661,4,234,61
1972-03-01,828,1391,16,54,730,749,11,197,156
1972-04-01,831,1253,29,75,636,830,24,289,215
1972-05-01,842,1293,43,115,783,859,38,435,250
1972-06-01,837,1304,58,160,914,887,51,482,304
1972-07-01,823,1285,142,104,1018,944,21,520,273
1972-08-01,819,1258,15,145,1103,884,9,545,287
1972-09-01,799,1167,18,155,847,828,4,346,195
1972-10-01,763,1022,1,19,249,612,5,261,76
1972-11-01,706,743,0,5,58,528,0,59,23
1972-12-01,663,564,0,0,20,511,0,20,10
1973-01-01,679,533,0,0,34,522,0,31,15
1973-02-01,728,561,0,0,46,534,0,43,22
1973-03-01,795,580,1,0,14,545,1,57,30
1973-04-01,850,548,5,3,32,519,4,23,36
1973-05-01,834,590,142,16,60,537,14,41,13
1973-06-01,844,706,152,51,119,555,23,30,26
1973-07-01,815,742,14,84,170,528,7,58,19
1973-08-01,808,707,3,101,69,543,10,78,105
1973-09-01,783,721,5,13,92,516,1,27,18
1973-10-01,764,817,7,17,28,532,3,44,12
1973-11-01,718,571,0,24,50,542,0,60,22
1973-12-01,747,856,4,4,76,574,3,40,39
1974-01-01,811,1350,14,24,194,858,13,149,218
1974-02-01,851,1552,54,140,1044,1310,202,618,500
1974-03-01,813,1215,147,216,1378,1060,70,834,500
1974-04-01,841,1324,40,412,1562,1149,59,1030,500
1974-05-01,843,1294,69,175,1518,1113,131,1030,500
1974-06-01,858,1323,97,269,1669,1138,219,1030,500
1974-07-01,820,1298,61,534,1740,1123,281,1030,500
1974-08-01,825,1261,70,602,1740,1115,159,1030,500
1974-09-01,812,1230,14,440,1665,1081,111,1030,500
1974-10-01,777,1081,16,96,1251,977,17,1030,500
1974-11-01,763,1157,5,37,1206,1000,8,1030,500
1974-12-01,732,1049,7,50,887,946,2,1030,500
1975-01-01,759,1204,11,60,967,1006,7,1030,500
1975-02-01,832,1233,16,70,869,1025,13,1030,500
1975-03-01,856,1410,155,100,1151,1158,115,1030,500
1975-04-01,914,1368,91,203,1490,1140,247,1030,500
1975-05-01,870,1358,352,845,1740,1145,425,1030,500
1975-06-01,850,1328,468,1661,1740,1134,522,1030,500
1975-07-01,831,1298,489,1933,1740,1127,539,1030,500
1975-08-01,828,1278,448,1864,1740,1116,510,1030,500
1975-09-01,816,1218,320,1482,1740,1078,410,1030,500
1975-10-01,787,1059,64,1052,1740,966,249,1030,500
1975-11-01,751,883,5,489,1569,834,57,1030,500
1975-12-01,720,857,2,119,1255,808,11,1030,500
1976-01-01,761,913,7,42,1222,853,18,1030,500
1976-02-01,809,939,14,60,1147,880,12,1030,500
1976-03-01,851,1085,33,89,1211,948,37,1030,500
1976-04-01,864,1212,69,142,1238,974,132,1030,500
1976-05-01,889,1363,307,445,1538,1013,245,1030,500
1976-06-01,871,1349,368,844,1740,1115,407,1030,500
1976-07-01,837,1318,455,1421,1740,1143,487,1030,500
1976-08-01,832,1274,355,1627,1740,1110,439,1030,500
1976-09-01,822,1264,229,1433,1740,1095,396,1030,500
1976-10-01,807,1160,152,1119,1740,1002,293,1030,500
1976-11-01,794,1130,31,815,1740,967,167,1030,500
1976-12-01,763,1016,33,245,1365,868,43,1030,500
1977-01-01,784,1040,6,101,1229,845,12,1030,500
1977-02-01,865,1304,39,163,1426,1062,140,1030,500
1977-03-01,826,1363,185,440,1648,1184,280,1030,500
1977-04-01,849,1278,215,749,1740,1104,316,1030,500
1977-05-01,854,1311,243,847,1740,1132,354,1030,500
1977-06-01,874,1338,356,1084,1740,1130,471,1030,500
1977-07-01,821,1308,393,1440,1740,1134,521,1030,500
1977-08-01,831,1269,338,1519,1740,1113,485,1030,500
1977-09-01,814,1264,129,1362,1740,1088,412,1030,500
1977-10-01,786,1068,29,1004,1740,976,291,1030,500
1977-11-01,765,1019,5,558,1521,882,153,1030,500
1977-12-01,777,1299,28,708,1740,1059,237,1030,500
1978-01-01,812,1295,45,746,1731,1170,269,1030,500
1978-02-01,850,1435,220,1132,1740,1170,450,1030,500
1978-03-01,828,1264,317,1179,1740,1128,496,1030,500
1978-04-01,853,1295,347,1234,1740,1118,498,1030,500
1978-05-01,871,1334,465,1343,1740,1132,574,1030,500
1978-06-01,872,1353,618,1685,1740,1141,682,1030,500
1978-07-01,828,1313,668,2046,1740,1131,722,1030,500
1978-08-01,831,1271,620,2071,1740,1116,674,1030,500
1978-09-01,817,1202,501,1751,1740,1074,573,1030,500
1978-10-01,802,1079,348,1354,1740,988,458,1030,500
1978-11-01,783,946,115,1009,1740,889,350,1030,500
1978-12-01,762,903,31,555,1467,839,247,1030,500
1979-01-01,796,998,41,450,1420,874,229,1030,500
1979-02-01,837,987,47,141,1178,881,152,1030,500
1979-03-01,831,1006,28,50,895,752,126,1030,500
1979-04-01,934,1172,198,112,936,812,250,1030,500
1979-05-01,906,1424,492,751,1531,880,530,1030,500
1979-06-01,840,1329,626,1504,1740,1005,649,1030,500
1979-07-01,836,1287,607,1970,1740,1084,638,1030,500
1979-08-01,824,1231,568,1840,1740,1079,592,1030,500
1979-09-01,819,1147,440,1454,1740,992,443,1030,500
1979-10-01,803,1034,219,1073,1740,929,321,1030,500
1979-11-01,782,918,151,750,1615,772,224,1030,500
1979-12-01,764,766,23,186,1208,707,59,1030,500
1980-01-01,805,731,5,45,905,673,11,1016,500
1980-02-01,848,1122,38,138,1389,832,69,1030,500
1980-03-01,836,1224,74,357,1339,873,88,1030,500
1980-04-01,878,1311,106,466,1446,888,212,1030,500
1980-05-01,835,1307,200,756,1653,906,256,1030,500
1980-06-01,840,1294,285,1069,1740,964,293,1030,500
1980-07-01,821,1283,93,1123,1740,991,248,1030,500
1980-08-01,819,1252,34,1027,1740,966,158,1030,500
1980-09-01,806,1172,37,735,1545,868,104,1030,500
1980-10-01,769,1000,4,131,985,717,12,988,500
1980-11-01,751,1013,7,32,840,697,3,916,500
1980-12-01,722,880,2,11,302,688,6,768,500
1981-01-01,726,984,5,21,405,732,8,800,500
1981-02-01,750,1149,10,31,537,825,13,911,500
1981-03-01,818,1212,6,49,602,868,18,967,500
1981-04-01,872,1245,148,20,478,877,37,923,500
1981-05-01,896,1363,72,99,793,904,142,925,500
1981-06-01,843,1335,308,747,1351,1007,240,990,500
1981-07-01,830,1284,90,883,1740,1079,232,1030,500
1981-08-01,824,1264,41,599,1740,1075,152,1030,500
1981-09-01,816,1182,14,458,1592,992,106,1030,500
1981-10-01,785,1021,3,105,1181,855,13,934,500
1981-11-01,762,1002,7,26,909,824,4,857,500
1981-12-01,714,960,1,37,557,631,5,731,500
1982-01-01,699,838,0,4,385,557,0,631,500
1982-02-01,715,591,0,0,76,571,0,375,500
1982-03-01,767,554,1,0,25,581,0,283,500
1982-04-01,901,600,13,2,46,649,11,257,500
1982-05-01,851,868,163,37,380,680,196,119,500
1982-06-01,865,943,45,398,235,710,126,264,500
1982-07-01,823,1053,62,133,825,789,33,329,500
1982-08-01,830,1082,19,180,914,593,42,358,500
1982-09-01,812,1011,22,60,579,546,6,284,500
1982-10-01,783,1036,5,22,481,533,10,306,500
1982-11-01,760,1021,7,39,218,556,2,261,476
1982-12-01,716,888,1,8,79,526,3,86,411
1983-01-01,744,911,2,13,110,546,0,109,381
1983-02-01,770,749,4,15,121,523,2,122,286
1983-03-01,820,717,6,5,134,537,3,41,240
1983-04-01,855,763,18,11,147,553,13,61,221
1983-05-01,868,912,41,47,190,653,106,85,235
1983-06-01,841,1068,61,115,469,679,28,56,256
1983-07-01,819,1148,142,382,798,670,96,231,275
1983-08-01,820,1143,13,406,243,548,10,74,253
1983-09-01,798,1034,3,42,103,523,2,41,165
1983-10-01,763,894,5,11,51,534,4,60,126
1983-11-01,728,765,1,16,74,545,0,23,38
1983-12-01,744,908,4,20,40,566,3,46,57
1984-01-01,763,747,5,8,31,524,4,68,31
1984-02-01,880,716,9,10,20,535,7,27,42
1984-03-01,894,1032,168,23,55,659,37,21,19
1984-04-01,877,1229,206,124,494,694,65,223,46
1984-05-01,905,1364,235,223,1169,797,219,264,70
1984-06-01,876,1364,454,776,1583,734,394,431,141
1984-07-01,824,1305,477,1403,1740,841,413,313,246
1984-08-01,830,1261,422,1449,1740,860,262,356,327
1984-09-01,817,1163,188,883,1740,722,143,281,312
1984-10-01,800,1031,24,483,1531,668,94,288,228
1984-11-01,775,1017,5,151,1225,559,13,238,74
1984-12-01,752,858,1,25,793,566,1,50,27
1985-01-01,811,878,5,9,270,578,4,27,37
1985-02-01,851,789,21,21,140,661,19,49,19
1985-03-01,825,886,144,68,413,559,33,76,108
1985-04-01,842,969,24,116,504,540,41,40,120
1985-05-01,852,1034,45,148,560,565,53,66,130
1985-06-01,859,1183,69,193,806,557,117,90,141
1985-07-01,825,1303,34,417,1160,664,191,54,154
1985-08-01,830,1243,45,473,1242,569,34,223,45
1985-09-01,815,1171,9,366,913,583,9,56,27
1985-10-01,792,1043,3,56,547,527,3,74,38
1985-11-01,750,772,0,12,378,535,0,21,11
1985-12-01,722,850,2,15,101,545,1,34,19
1986-01-01,735,869,3,5,122,526,3,49,27
1986-02-01,738,891,1,10,140,543,4,67,37
1986-03-01,778,761,3,14,39,523,5,26,15
1986-04-01,878,875,12,20,66,544,12,47,26
1986-05-01,880,1083,162,45,119,657,195,67,37
1986-06-01,841,1314,44,687,799,688,126,95,53
1986-07-01,830,1288,144,451,940,710,27,122,67
1986-08-01,822,1271,21,381,638,723,35,59,35
1986-09-01,816,1211,24,79,745,673,37,87,51
1986-10-01,799,1192,5,23,508,556,6,39,24
1986-11-01,777,1140,3,38,420,536,8,61,36
1986-12-01,766,1030,5,10,105,523,9,29,17
1987-01-01,783,882,1,16,39,533,0,20,11
1987-02-01,827,871,4,4,60,546,3,34,19
1987-03-01,826,765,10,13,84,521,8,20,11
1987-04-01,845,844,20,31,115,535,16,38,20
1987-05-01,844,902,33,59,158,551,26,22,12
1987-06-01,827,1007,14,98,210,649,12,45,24
1987-07-01,821,1042,20,46,112,536,17,31,17
1987-08-01,813,1016,23,23,150,550,3,53,29
1987-09-01,793,984,2,33,48,519,5,67,36
1987-10-01,755,851,4,38,69,512,1,20,10
1987-11-01,711,581,0,4,19,519,0,31,16
1987-12-01,727,556,0,0,30,510,0,39,6
1988-01-01,700,656,0,0,11,519,0,48,12
1988-02-01,753,569,1,0,22,533,0,58,19
1988-03-01,834,603,4,3,37,547,3,71,27
1988-04-01,855,725,143,12,58,562,13,26,104
1988-05-01,852,879,281,48,114,534,28,48,19
1988-06-01,866,1037,165,100,425,654,106,218,34
1988-07-01,828,1169,179,149,514,678,118,243,22
1988-08-01,828,1186,145,184,190,664,98,264,38
1988-09-01,815,1134,11,39,104,538,9,229,47
1988-10-01,791,994,2,17,56,516,1,34,13
1988-11-01,759,851,3,6,74,511,2,16,19
1988-12-01,743,632,1,10,24,522,1,27,24
1989-01-01,826,955,6,15,52,558,5,45,33
1989-02-01,864,1318,31,36,117,712,28,81,51
1989-03-01,861,1324,65,102,239,834,122,118,69
1989-04-01,849,1360,91,430,1085,969,150,109,145
1989-05-01,842,1284,50,514,1440,1015,163,167,179
1989-06-01,861,1322,83,565,1346,1079,215,196,247
1989-07-01,828,1306,62,753,1589,1124,284,311,314
1989-08-01,824,1263,29,569,1682,1113,213,447,340
1989-09-01,810,1195,8,427,1459,1027,42,475,322
1989-10-01,772,1044,3,80,1098,889,5,136,231
1989-11-01,725,875,0,13,540,735,0,46,51
1989-12-01,692,720,0,2,372,673,0,24,55
1990-01-01,719,817,1,0,96,632,1,41,17
1990-02-01,715,856,2,3,120,681,2,67,34
1990-03-01,792,651,4,8,139,619,3,40,106
1990-04-01,868,756,14,13,153,681,13,63,28
1990-05-01,837,906,35,43,89,718,30,85,42
1990-06-01,864,1061,54,103,205,800,47,222,57
1990-07-01,815,1167,66,158,499,832,22,254,36
1990-08-01,826,1179,69,75,580,844,28,277,55
1990-09-01,804,1063,4,28,436,619,3,234,26
1990-10-01,764,907,2,34,89,548,5,42,35
1990-11-01,714,731,0,39,36,521,0,54,11
1990-12-01,699,706,0,0,49,537,0,16,17
1991-01-01,747,777,2,2,68,565,1,35,27
1991-02-01,841,927,6,8,39,666,5,63,42
1991-03-01,838,1129,21,22,86,702,18,93,58
1991-04-01,833,1167,143,338,165,719,29,51,33
1991-05-01,844,1214,20,371,225,731,14,83,51
1991-06-01,828,1312,144,361,153,745,27,49,32
1991-07-01,816,1270,14,397,244,755,7,84,114
1991-08-01,801,1228,4,49,124,699,10,221,131
1991-09-01,771,1153,6,14,67,669,12,56,117
1991-10-01,724,1026,0,20,90,545,0,28,24
1991-11-01,686,864,0,2,23,517,0,19,31
1991-12-01,713,898,0,0,17,544,0,33,11
1992-01-01,757,762,1,1,31,534,1,23,22
1992-02-01,835,593,3,5,46,517,2,42,13
1992-03-01,869,775,21,8,61,549,18,54,21
1992-04-01,873,1019,160,57,134,580,194,73,105
1992-05-01,865,1184,42,385,765,560,124,98,122
1992-06-01,835,1339,63,121,881,668,139,49,137
1992-07-01,821,1272,17,104,951,701,26,224,37
1992-08-01,819,1220,7,53,575,716,7,251,53
1992-09-01,804,1143,10,68,437,668,3,53,23
1992-10-01,760,1001,1,12,98,537,5,66,31
1992-11-01,722,966,2,17,40,521,0,19,10
1992-12-01,712,871,0,19,60,540,1,33,18
1993-01-01,725,891,2,3,26,561,2,21,12
1993-02-01,746,1006,5,7,52,661,5,44,25
1993-03-01,768,971,6,14,74,558,1,65,104
1993-04-01,805,909,8,18,29,575,3,29,22
1993-05-01,849,977,15,24,53,650,9,47,31
1993-06-01,827,1044,27,43,94,560,20,66,41
1993-07-01,824,1126,9,76,86,656,8,85,51
1993-08-01,815,1058,12,93,130,557,11,215,21
1993-09-01,786,942,3,12,39,532,2,39,15
1993-10-01,742,773,0,20,61,543,3,53,24
1993-11-01,697,709,0,2,16,515,0,16,29
1993-12-01,667,743,0,2,28,529,0,29,9
1994-01-01,733,1080,2,0,47,576,2,54,26
1994-02-01,824,1071,5,8,73,660,4,85,45
1994-03-01,833,1015,12,16,91,546,10,215,24
1994-04-01,836,1047,22,34,120,538,18,40,34
1994-05-01,828,1077,30,62,161,562,24,63,105
1994-06-01,824,1101,8,31,74,652,29,84,28
1994-07-01,811,1144,4,52,118,555,4,38,107
1994-08-01,788,1149,6,61,43,537,6,61,27
1994-09-01,759,1047,8,9,29,552,1,28,37
1994-10-01,706,880,0,13,46,517,0,44,12
1994-11-01,642,734,0,0,54,526,0,54,19
1994-12-01,491,548,0,0,10,508,0,13,24
1995-01-01,472,509,0,0,17,503,0,20,5
1995-02-01,614,519,0,0,24,510,0,23,7
1995-03-01,664,532,0,0,8,518,0,7,10
1995-04-01,761,521,0,0,15,510,0,18,15
1995-05-01,878,544,3,0,22,521,2,27,6
1995-06-01,818,579,15,8,40,537,12,40,13
1995-07-01,820,547,20,42,90,550,15,56,104
1995-08-01,802,568,0,55,33,516,0,71,112
1995-09-01,768,585,3,2,12,527,3,18,13
1995-10-01,712,523,0,10,30,533,0,30,19
1995-11-01,625,536,0,0,7,506,0,10,5
1995-12-01,505,511,0,0,15,511,0,7,9
1996-01-01,583,527,0,0,22,522,0,15,13
1996-02-01,698,676,0,0,33,541,0,33,22
1996-03-01,717,689,0,2,13,551,0,53,104
1996-04-01,788,701,0,0,22,514,1,66,16
1996-05-01,858,719,4,2,33,528,4,17,8
1996-06-01,808,568,12,14,56,521,10,35,18
1996-07-01,789,594,15,36,90,538,12,54,29
1996-08-01,765,548,1,10,107,548,0,70,104
1996-09-01,727,572,2,13,16,516,1,21,15
1996-10-01,686,521,0,16,28,508,0,34,21
1996-11-01,504,536,0,0,8,515,0,42,26
1996-12-01,417,511,0,0,16,521,0,10,5
1997-01-01,483,527,0,0,24,532,0,22,12
1997-02-01,674,520,0,0,8,543,0,34,18
1997-03-01,748,545,0,0,17,523,0,19,10
1997-04-01,849,565,2,1,26,538,2,36,19
1997-05-01,844,688,14,7,43,554,11,22,28
1997-06-01,834,730,26,40,92,653,20,43,105
1997-07-01,816,751,6,72,139,543,4,67,117
1997-08-01,795,582,9,83,41,558,7,83,125
1997-09-01,764,556,1,11,63,524,1,26,109
1997-10-01,715,579,2,14,17,535,1,41,15
1997-11-01,666,532,0,3,29,513,0,53,22
1997-12-01,510,545,0,0,9,521,0,15,27
1998-01-01,484,521,0,0,18,531,0,26,8
1998-02-01,668,516,0,0,25,538,0,13,14
1998-03-01,768,533,0,0,8,510,0,25,19
1998-04-01,882,557,4,0,16,523,3,12,24
1998-05-01,848,697,22,14,42,540,101,27,9
1998-06-01,835,736,35,65,409,651,15,50,22
1998-07-01,815,754,5,101,462,534,4,219,35
1998-08-01,802,581,9,18,379,547,7,38,44
1998-09-01,775,551,1,29,50,517,0,21,12
1998-10-01,723,570,2,3,60,525,1,35,20
1998-11-01,694,530,0,6,71,534,0,45,7
1998-12-01,637,555,0,0,12,543,0,55,14
1999-01-01,670,665,0,0,23,519,0,67,22
1999-02-01,704,545,0,0,31,531,0,22,11
1999-03-01,774,664,0,0,10,542,0,37,20
1999-04-01,875,690,5,2,22,518,4,18,9
1999-05-01,862,849,25,16,49,539,103,35,19
1999-06-01,853,905,43,363,418,562,21,59,32
1999-07-01,817,992,141,84,139,534,27,41,22
1999-08-01,821,1009,10,39,182,550,4,66,36
1999-09-01,791,865,1,17,353,519,5,27,103
1999-10-01,733,712,3,4,38,512,1,41,14
1999-11-01,688,669,0,9,18,519,0,50,19
1999-12-01,660,547,0,0,28,512,0,12,23
2000-01-01,719,715,2,0,42,544,1,29,31
2000-02-01,868,977,8,7,71,689,6,65,114
2000-03-01,815,1046,23,24,105,715,18,97,131
2000-04-01,840,1084,32,67,167,728,26,52,143
2000-05-01,836,1152,13,37,89,785,11,79,120
2000-06-01,849,1292,32,73,156,812,26,47,133
2000-07-01,820,1292,15,122,234,837,13,83,147
2000-08-01,819,1242,20,148,141,726,5,112,46
2000-09-01,788,1156,2,156,74,680,1,47,27
2000-10-01,742,1014,3,11,31,547,3,63,36
2000-11-01,717,875,0,15,51,519,0,21,12
2000-12-01,611,747,0,0,15,535,0,33,19
2001-01-01,485,683,0,0,25,517,0,46,9
2001-02-01,539,583,0,0,12,532,0,18,17
2001-03-01,687,663,0,0,23,546,0,32,9
2001-04-01,856,712,1,0,12,524,1,49,19
2001-05-01,866,874,20,4,29,550,16,64,12
2001-06-01,869,1059,157,62,119,578,35,85,108
2001-07-01,824,1185,170,387,764,555,18,110,126
2001-08-01,828,1204,16,428,495,543,8,50,139
2001-09-01,810,1132,18,344,413,528,2,73,28
2001-10-01,771,1009,2,26,69,540,4,26,37
2001-11-01,726,1032,3,8,94,521,1,43,13
2001-12-01,704,982,4,12,28,538,1,57,23
2002-01-01,707,874,0,2,44,519,0,71,32
2002-02-01,717,756,0,0,54,533,0,22,12
2002-03-01,754,718,0,0,14,544,0,37,20
2002-04-01,866,743,3,2,27,518,2,50,10
2002-05-01,845,871,19,9,46,538,15,63,19
2002-06-01,842,1013,33,57,118,652,26,80,106
2002-07-01,820,1052,9,98,99,541,31,99,119
2002-08-01,818,1037,13,116,371,556,4,34,129
2002-09-01,785,912,1,18,63,521,1,53,110
2002-10-01,728,761,2,4,21,531,2,65,16
2002-11-01,694,703,0,9,38,511,0,17,8
2002-12-01,537,679,0,0,47,520,0,28,15
2003-01-01,576,539,0,0,10,526,0,12,6
2003-02-01,685,554,0,0,19,532,0,22,12
2003-03-01,769,569,0,0,27,510,0,30,16
2003-04-01,883,590,5,0,9,521,3,12,6
2003-05-01,820,701,18,14,38,535,14,27,14
2003-06-01,847,739,10,55,100,521,8,47,105
2003-07-01,817,764,17,81,63,536,13,27,115
2003-08-01,811,720,4,24,100,548,3,46,109
2003-09-01,780,691,5,36,119,514,0,21,15
2003-10-01,723,702,1,2,16,521,1,33,22
2003-11-01,652,662,0,6,30,526,0,12,26
2003-12-01,523,530,0,0,9,531,0,20,5
2004-01-01,689,551,0,0,18,540,0,29,10
2004-02-01,856,579,1,0,28,551,1,43,18
2004-03-01,886,978,26,6,47,571,106,62,29
2004-04-01,882,1181,59,375,440,596,131,87,22
2004-05-01,855,1353,164,1004,1123,562,120,116,46
2004-06-01,856,1313,186,475,1230,599,138,61,62
2004-07-01,823,1295,36,712,1468,622,34,103,125
2004-08-01,826,1208,44,173,1227,579,14,73,147
2004-09-01,811,1132,5,325,883,591,17,47,40
2004-10-01,770,992,7,38,239,527,2,65,17
2004-11-01,721,855,0,9,73,538,0,21,11
2004-12-01,690,644,0,11,36,520,0,35,19
2005-01-01,695,616,0,1,56,534,0,51,12
2005-02-01,719,688,0,0,21,545,0,65,21
2005-03-01,813,722,1,0,36,521,1,22,29
2005-04-01,865,763,12,6,26,540,10,41,37
2005-05-01,859,989,33,42,94,651,104,27,45
2005-06-01,857,1155,52,110,454,676,25,57,55
2005-07-01,819,1206,61,385,793,694,15,86,26
2005-08-01,821,1173,63,421,1051,703,5,42,23
2005-09-01,793,1057,4,47,482,657,7,63,16
2005-10-01,746,889,1,9,80,524,1,21,25
2005-11-01,709,964,2,14,38,539,1,36,31
2005-12-01,712,923,4,4,63,564,3,52,38
2006-01-01,736,1015,2,11,91,666,5,75,49
2006-02-01,806,1342,9,21,144,828,11,60,121
2006-03-01,838,1276,17,41,188,889,19,229,143
2006-04-01,833,1276,30,28,370,925,97,268,159
2006-05-01,850,1299,46,72,453,952,111,255,137
2006-06-01,854,1317,30,125,754,995,129,288,157
2006-07-01,829,1303,51,183,1098,1066,39,429,176
2006-08-01,821,1262,13,105,1173,1024,15,146,228
2006-09-01,804,1184,4,45,1064,967,5,240,156
2006-10-01,764,1048,6,56,491,852,1,71,122
2006-11-01,720,911,1,59,97,730,0,32,30
2006-12-01,700,865,0,5,35,683,0,52,17
2007-01-01,780,883,1,0,51,606,1,26,28
2007-02-01,878,786,10,4,70,584,9,49,39
2007-03-01,834,1012,33,31,119,693,29,72,106
2007-04-01,870,1082,53,94,441,728,46,220,122
2007-05-01,882,1293,167,149,539,752,200,249,138
2007-06-01,835,1338,195,697,1132,777,140,277,152
2007-07-01,829,1277,156,479,1287,855,185,430,60
2007-08-01,819,1243,23,392,1191,871,36,109,54
2007-09-01,802,1159,4,84,1081,821,6,54,36
2007-10-01,764,1032,2,90,541,610,2,73,21
2007-11-01,714,990,0,13,409,556,3,27,31
2007-12-01,648,875,0,15,92,568,0,22,14
2008-01-01,723,1077,2,0,136,705,2,47,30
2008-02-01,756,1143,6,9,172,764,6,80,112
2008-03-01,844,1158,10,21,198,819,9,223,131
2008-04-01,841,1196,144,30,69,837,25,58,118
2008-05-01,861,1338,166,80,183,868,45,87,133
2008-06-01,845,1310,185,142,508,948,115,228,150
2008-07-01,822,1292,34,197,845,991,128,274,168
2008-08-01,821,1245,9,84,914,973,21,307,180
2008-09-01,799,1167,13,29,537,872,5,317,57
2008-10-01,752,1011,1,14,393,727,6,230,24
2008-11-01,716,972,2,4,81,703,7,42,33
2008-12-01,678,852,0,8,32,669,0,57,14
2009-01-01,714,638,0,0,47,566,0,24,24
2009-02-01,849,699,2,0,17,582,1,40,32
2009-03-01,838,890,145,6,45,669,16,59,42
2009-04-01,902,1051,38,52,126,704,113,81,52
2009-05-01,874,1350,74,392,780,803,144,108,65
2009-06-01,859,1379,301,1033,1254,885,227,75,131
2009-07-01,828,1287,186,823,1601,980,155,140,169
2009-08-01,824,1268,191,525,1643,995,123,177,238
2009-09-01,813,1164,21,405,1437,944,22,98,160
2009-10-01,775,1040,4,74,1115,834,5,117,163
2009-11-01,745,900,5,81,791,620,1,39,38
2009-12-01,727,924,7,11,515,672,3,61,23
2010-01-01,752,1128,11,23,605,753,7,96,56
2010-02-01,842,1306,16,42,759,834,13,244,149
2010-03-01,871,1308,43,64,608,875,38,125,209
2010-04-01,861,1371,175,180,1160,984,205,283,262
2010-05-01,923,1341,225,738,1600,1093,315,464,340
2010-06-01,874,1383,470,1174,1740,1159,539,660,440
2010-07-01,842,1313,505,1940,1740,1127,601,877,500
2010-08-01,834,1278,455,2032,1740,1118,571,1030,500
2010-09-01,822,1217,326,1768,1740,1076,486,1030,500
2010-10-01,802,1051,60,1323,1740,964,302,913,500
2010-11-01,772,931,9,814,1740,860,196,738,444
2010-12-01,743,964,13,275,1563,837,39,666,404
2011-01-01,804,1076,19,237,1602,887,17,719,444
2011-02-01,881,1161,150,103,1341,904,110,685,426
2011-03-01,846,1396,197,445,1617,981,223,747,471
2011-04-01,906,1322,327,833,1740,1087,330,781,492
2011-05-01,906,1376,499,1230,1740,1156,543,887,500
2011-06-01,874,1365,660,1996,1740,1136,695,1030,500
2011-07-01,845,1315,736,2460,1740,1138,735,1030,500
2011-08-01,834,1282,708,2429,1740,1113,699,1030,500
2011-09-01,824,1214,587,2107,1740,1074,595,1030,500
2011-10-01,811,1051,360,1540,1740,961,411,1030,500
2011-11-01,790,997,121,1155,1740,872,307,1030,500
2011-12-01,762,1041,46,941,1740,853,229,1030,500
2012-01-01,816,1015,18,741,1740,872,195,1030,500
2012-02-01,867,1140,161,498,1612,934,232,1008,500
2012-03-01,863,1217,218,557,1574,894,314,941,500
2012-04-01,857,1319,316,825,1740,886,346,923,500
2012-05-01,889,1325,373,1113,1740,959,430,939,500
2012-06-01,829,1328,472,1469,1740,1030,515,997,500
2012-07-01,833,1280,446,1753,1740,1087,499,1030,500
2012-08-01,818,1252,336,1527,1740,1080,434,1030,500
2012-09-01,802,1173,90,1201,1740,999,327,1017,500
2012-10-01,762,1034,12,794,1679,926,207,878,500
2012-11-01,712,892,1,204,1231,745,39,722,483
2012-12-01,697,863,0,42,945,704,3,592,431
2013-01-01,759,1031,5,10,1059,816,11,677,484
2013-02-01,861,1001,10,29,840,826,17,593,447
2013-03-01,822,1030,29,45,534,802,34,520,388
2013-04-01,876,1075,52,347,613,820,53,476,352
2013-05-01,849,1201,43,672,878,842,125,506,363
2013-06-01,845,1337,43,479,1261,866,149,541,382
2013-07-01,815,1274,56,549,1533,927,155,569,417
2013-08-01,817,1232,59,562,1466,853,106,529,428
2013-09-01,791,1146,5,111,1184,726,13,479,365
2013-10-01,751,1005,7,17,799,667,2,159,259
2013-11-01,697,971,0,10,262,554,0,79,169
2013-12-01,723,1061,2,0,246,596,2,124,195
2014-01-01,714,1078,2,8,166,667,0,234,228
2014-02-01,793,1187,6,10,216,716,4,164,272
2014-03-01,850,1395,17,29,498,891,17,362,384
2014-04-01,839,1272,40,65,577,966,40,467,418
2014-05-01,876,1319,68,136,678,1010,123,538,456
2014-06-01,857,1336,179,427,1193,1092,220,651,496
2014-07-01,825,1301,286,764,1633,1143,163,727,500
2014-08-01,823,1255,47,540,1711,1104,124,777,500
2014-09-01,805,1184,50,394,1461,1025,30,783,500
2014-10-01,759,1025,3,70,1107,886,3,562,474
2014-11-01,705,890,3,9,586,813,0,361,382
2014-12-01,672,749,0,3,413,709,0,276,324
